{"cameraMode":{"drawMode":0,"name":"Shaded","section":"Shading Mode"},"sceneLighting":true,"audioPlay":false,"sceneViewState":{"showFog":true,"showMaterialUpdate":false,"showSkybox":true,"showFlares":true,"showImageEffects":true,"showParticleSystems":true},"in2DMode":false,"pivot":{"x":1.2718522548675538,"y":1.7872610092163087,"z":-0.33906131982803347},"rotation":{"x":0.362384557723999,"y":-0.5980322957038879,"z":0.3466486930847168,"w":0.6252109408378601},"size":12.56027603149414,"orthographic":false}