{"cameraMode":{"drawMode":0,"name":"Shaded","section":"Shading Mode"},"sceneLighting":true,"audioPlay":false,"sceneViewState":{"showFog":true,"showMaterialUpdate":false,"showSkybox":true,"showFlares":true,"showImageEffects":true,"showParticleSystems":true},"in2DMode":false,"pivot":{"x":-5.050115585327148,"y":-5.622196197509766,"z":3.195345401763916},"rotation":{"x":0.19778092205524445,"y":-0.7242051959037781,"z":0.23140648007392884,"w":0.6188211441040039},"size":50.29695129394531,"orthographic":false}